BirdTree,Genera
Accipiter_badius,Accipiter
Accipiter_cooperii,Accipiter
Accipiter_gentilis,Accipiter
Accipiter_nisus,Accipiter
Accipiter_striatus,Accipiter
Acridotheres_fuscus,Acridotheres
Acridotheres_ginginianus,Acridotheres
Acridotheres_tristis,Acridotheres
Acrocephalus_stentoreus,Acrocephalus
Aegithalos_caudatus,Aegithalos
Aethopyga_siparaja,Aethopyga
Agelaioides_badius,Agelaioides
Agelaius_phoeniceus,Agelaius
Agelasticus_thilius,Agelasticus
Aimophila_carpalis,Aimophila
Aimophila_cassinii,Aimophila
Aimophila_rufescens,Aimophila
Aimophila_ruficeps,Aimophila
Alauda_arvensis,Alauda
Alauda_gulgula,Alauda
Alcedo_atthis,Alcedo
Amadina_erythrocephala,Amadina
Amandava_subflava,Amandava
Amazilia_beryllina,Amazilia
Amazilia_cyanocephala,Amazilia
Amazilia_fimbriata,Amazilia
Amazilia_lactea,Amazilia
Amazilia_violiceps,Amazilia
Amazona_aestiva,Amazona
Amazona_amazonica,Amazona
Amazona_autumnalis,Amazona
Ammodramus_aurifrons,Ammodramus
Ammodramus_savannarum,Ammodramus
Amphispiza_belli,Amphispiza
Amphispiza_bilineata,Amphispiza
Anairetes_parulus,Anairetes
Anthracothorax_nigricollis,Anthracothorax
Anthus_campestris,Anthus
Anthus_hodgsoni,Anthus
Anthus_pratensis,Anthus
Anthus_richardi,Anthus
Anthus_rubescens,Anthus
Anthus_rufulus,Anthus
Anthus_spinoletta,Anthus
Aphelocoma_californica,Aphelocoma
Aphrastura_spinicauda,Aphrastura
Apus_affinis,Apus
Aquila_nipalensis,Aquila
Aratinga_aurea,Aratinga
Aratinga_auricapillus,Aratinga
Aratinga_jandaya,Aratinga
Aratinga_leucophthalma,Aratinga
Asio_otus,Asio
Athene_brama,Athene
Athene_cunicularia,Athene
Athene_noctua,Athene
Auriparus_flaviceps,Auriparus
Basileuterus_culicivorus,Basileuterus
Basileuterus_hypoleucus,Basileuterus
Bombycilla_cedrorum,Bombycilla
Bombycilla_garrulus,Bombycilla
Brotogeris_chiriri,Brotogeris
Brotogeris_versicolurus,Brotogeris
Bubo_virginianus,Bubo
Buteo_buteo,Buteo
Buteo_jamaicensis,Buteo
Buteo_lineatus,Buteo
Buteo_magnirostris,Buteo
Buteo_polyosoma,Buteo
Buteo_regalis,Buteo
Cacicus_haemorrhous,Cacicus
Cacomantis_variolosus,Cacomantis
Calamospiza_melanocorys,Calamospiza
Calandrella_raytal,Calandrella
Callipepla_gambelii,Callipepla
Calypte_anna,Calypte
Calypte_costae,Calypte
Camptostoma_obsoletum,Camptostoma
Campylopterus_curvipennis,Campylopterus
Campylorhynchus_brunneicapillus,Campylorhynchus
Campylorhynchus_turdinus,Campylorhynchus
Campylorhynchus_zonatus,Campylorhynchus
Caracara_plancus,Caracara
Cardinalis_cardinalis,Cardinalis
Cardinalis_sinuatus,Cardinalis
Carduelis_barbata,Carduelis
Carduelis_cannabina,Carduelis
Carduelis_carduelis,Carduelis
Carduelis_chloris,Carduelis
Carduelis_flammea,Carduelis
Carduelis_lawrencei,Carduelis
Carduelis_magellanica,Carduelis
Carduelis_pinus,Carduelis
Carduelis_psaltria,Carduelis
Carduelis_sinica,Carduelis
Carduelis_spinus,Carduelis
Carduelis_tristis,Carduelis
Carpodacus_mexicanus,Carpodacus
Cathartes_aura,Cathartes
Catharus_aurantiirostris,Catharus
Catharus_guttatus,Catharus
Catherpes_mexicanus,Catherpes
Celeus_lugubris,Celeus
Certhia_americana,Certhia
Certhia_brachydactyla,Certhia
Certhia_familiaris,Certhia
Cettia_cetti,Cettia
Chaetura_brachyura,Chaetura
Chalcophaps_indica,Chalcophaps
Chlorestes_notata,Chlorestes
Chloroceryle_amazona,Chloroceryle
Chlorostilbon_lucidus,Chlorostilbon
Chondestes_grammacus,Chondestes
Chrysomus_ruficapillus,Chrysomus
Cinclus_cinclus,Cinclus
Circus_cyaneus,Circus
Cisticola_juncidis,Cisticola
Cistothorus_palustris,Cistothorus
Coccothraustes_coccothraustes,Coccothraustes
Coereba_flaveola,Coereba
Colaptes_auratus,Colaptes
Colaptes_campestris,Colaptes
Colaptes_chrysoides,Colaptes
Colaptes_melanochloros,Colaptes
Colius_striatus,Colius
Columba_guinea,Columba
Columba_livia,Columba
Columba_oenas,Columba
Columba_palumbus,Columba
Columbina_inca,Columbina
Columbina_passerina,Columbina
Columbina_picui,Columbina
Columbina_squammata,Columbina
Columbina_talpacoti,Columbina
Conirostrum_speciosum,Conirostrum
Contopus_pertinax,Contopus
Copsychus_saularis,Copsychus
Coracias_benghalensis,Coracias
Coragyps_atratus,Coragyps
Corvus_brachyrhynchos,Corvus
Corvus_corax,Corvus
Corvus_corone,Corvus
Corvus_frugilegus,Corvus
Corvus_monedula,Corvus
Corvus_splendens,Corvus
Coryphospingus_pileatus,Coryphospingus
Corythaixoides_concolor,Corythaixoides
Cossypha_caffra,Cossypha
Crotophaga_ani,Crotophaga
Culicicapa_ceylonensis,Culicicapa
Curaeus_curaeus,Curaeus
Cyanocitta_stelleri,Cyanocitta
Cyanocorax_morio,Cyanocorax
Cyclarhis_gujanensis,Cyclarhis
Cynanthus_latirostris,Cynanthus
Cypsiurus_parvus,Cypsiurus
Dacnis_cayana,Dacnis
Dendrocitta_vagabunda,Dendrocitta
Dendrocopos_maculatus,Dendrocopos
Dendrocopos_mahrattensis,Dendrocopos
Dendrocopos_major,Dendrocopos
Dendrocopos_medius,Dendrocopos
Dendrocopos_minor,Dendrocopos
Dendrocopos_syriacus,Dendrocopos
Dendroica_coronata,Dendroica
Dendroica_magnolia,Dendroica
Dendroica_nigrescens,Dendroica
Dendroica_townsendi,Dendroica
Dendroica_virens,Dendroica
Dicaeum_concolor,Dicaeum
Dicaeum_cruentatum,Dicaeum
Dicrurus_leucophaeus,Dicrurus
Dicrurus_macrocercus,Dicrurus
Dinopium_benghalense,Dinopium
Diuca_diuca,Diuca
Dives_dives,Dives
Dryocopus_martius,Dryocopus
Dryoscopus_cubla,Dryoscopus
Dumetella_carolinensis,Dumetella
Elaenia_albiceps,Elaenia
Elaenia_chiriquensis,Elaenia
Elaenia_flavogaster,Elaenia
Elanus_caeruleus,Elanus
Elanus_leucurus,Elanus
Emberiza_cirlus,Emberiza
Emberiza_citrinella,Emberiza
Emberiza_elegans,Emberiza
Emberiza_rustica,Emberiza
Embernagra_platensis,Embernagra
Empidonax_occidentalis,Empidonax
Empidonax_wrightii,Empidonax
Empidonomus_varius,Empidonomus
Eremophila_alpestris,Eremophila
Erithacus_rubecula,Erithacus
Estrilda_astrild,Estrilda
Eupetomena_macroura,Eupetomena
Euphagus_cyanocephalus,Euphagus
Euphonia_chlorotica,Euphonia
Euphonia_hirundinacea,Euphonia
Euphonia_violacea,Euphonia
Euplectes_orix,Euplectes
Falco_columbarius,Falco
Falco_mexicanus,Falco
Falco_peregrinus,Falco
Falco_sparverius,Falco
Falco_tinnunculus,Falco
Florisuga_fusca,Florisuga
Fluvicola_nengeta,Fluvicola
Forpus_xanthopterygius,Forpus
Fringilla_coelebs,Fringilla
Fringilla_montifringilla,Fringilla
Furnarius_rufus,Furnarius
Galerida_cristata,Galerida
Garrulus_glandarius,Garrulus
Geococcyx_californianus,Geococcyx
Geopelia_striata,Geopelia
Geothlypis_aequinoctialis,Geothlypis
Geothlypis_trichas,Geothlypis
Geranoaetus_melanoleucus,Geranoaetus
Gerygone_sulphurea,Gerygone
Glaucidium_brasilianum,Glaucidium
Glaucidium_nanum,Glaucidium
Glaucis_hirsutus,Glaucis
Guira_guira,Guira
Halcyon_smyrnensis,Halcyon
Haliaeetus_leucocephalus,Haliaeetus
Haliastur_indus,Haliastur
Heliomaster_furcifer,Heliomaster
Heliomaster_squamosus,Heliomaster
Hemitriccus_margaritaceiventer,Hemitriccus
Hieraaetus_pennatus,Hieraaetus
Hirundo_daurica,Hirundo
Hirundo_fuligula,Hirundo
Hirundo_rustica,Hirundo
Hirundo_tahitica,Hirundo
Hylocharis_chrysura,Hylocharis
Hylophilus_pectoralis,Hylophilus
Icterus_bullockii,Icterus
Icterus_galbula,Icterus
Icterus_graduacauda,Icterus
Icterus_wagleri,Icterus
Ixos_amaurotis,Ixos
Junco_hyemalis,Junco
Jynx_torquilla,Jynx
Lagonosticta_rhodopareia,Lagonosticta
Lalage_nigra,Lalage
Lamprotornis_nitens,Lamprotornis
Laniarius_ferrugineus,Laniarius
Lanius_bucephalus,Lanius
Lanius_collaris,Lanius
Lanius_cristatus,Lanius
Lanius_ludovicianus,Lanius
Lanius_schach,Lanius
Lanius_tephronotus,Lanius
Lepidocolaptes_angustirostris,Lepidocolaptes
Leptasthenura_aegithaloides,Leptasthenura
Leptotila_verreauxi,Leptotila
Lonchura_cucullata,Lonchura
Lonchura_punctulata,Lonchura
Loriculus_philippensis,Loriculus
Loxia_curvirostra,Loxia
Lullula_arborea,Lullula
Lybius_torquatus,Lybius
Machetornis_rixosa,Machetornis
Megaceryle_alcyon,Megaceryle
Megalaima_asiatica,Megalaima
Megalaima_haemacephala,Megalaima
Megalurus_palustris,Megalurus
Megalurus_timoriensis,Megalurus
Megarynchus_pitangua,Megarynchus
Megascops_choliba,Megascops
Melanerpes_aurifrons,Melanerpes
Melanerpes_candidus,Melanerpes
Melanerpes_formicivorus,Melanerpes
Melanerpes_uropygialis,Melanerpes
Melanotis_caerulescens,Melanotis
Melospiza_lincolnii,Melospiza
Melospiza_melodia,Melospiza
Merops_orientalis,Merops
Miliaria_calandra,Miliaria
Milvago_chimachima,Milvago
Milvago_chimango,Milvago
Milvus_migrans,Milvus
Mimus_polyglottos,Mimus
Mimus_saturninus,Mimus
Mimus_thenca,Mimus
Mniotilta_varia,Mniotilta
Molothrus_aeneus,Molothrus
Molothrus_ater,Molothrus
Molothrus_bonariensis,Molothrus
Monticola_solitarius,Monticola
Motacilla_alba,Motacilla
Motacilla_capensis,Motacilla
Motacilla_cinerea,Motacilla
Muscicapa_griseisticta,Muscicapa
Myiarchus_cinerascens,Myiarchus
Myiarchus_ferox,Myiarchus
Myiarchus_tyrannulus,Myiarchus
Myiophobus_fasciatus,Myiophobus
Myiopsitta_monachus,Myiopsitta
Myiozetetes_cayanensis,Myiozetetes
Myiozetetes_similis,Myiozetetes
Nandayus_nenday,Nandayus
Nectarinia_amethystina,Nectarinia
Nectarinia_asiatica,Nectarinia
Nectarinia_jugularis,Nectarinia
Nectarinia_sperata,Nectarinia
Nectarinia_talatala,Nectarinia
Nemosia_pileata,Nemosia
Nucifraga_caryocatactes,Nucifraga
Oenanthe_isabellina,Oenanthe
Oenanthe_picata,Oenanthe
Onychognathus_morio,Onychognathus
Oporornis_tolmiei,Oporornis
Oreoscoptes_montanus,Oreoscoptes
Oriolus_chinensis,Oriolus
Oriolus_larvatus,Oriolus
Ortalis_superciliaris,Ortalis
Ortalis_vetula,Ortalis
Orthotomus_sutorius,Orthotomus
Otus_bakkamoena,Otus
Pachyramphus_viridis,Pachyramphus
Pandion_haliaetus,Pandion
Panurus_biarmicus,Panurus
Parabuteo_unicinctus,Parabuteo
Paradoxornis_webbianus,Paradoxornis
Paroaria_coronata,Paroaria
Parula_pitiayumi,Parula
Parus_ater,Parus
Parus_caeruleus,Parus
Parus_cristatus,Parus
Parus_major,Parus
Parus_montanus,Parus
Parus_palustris,Parus
Parus_xanthogenys,Parus
Passer_diffusus,Passer
Passer_domesticus,Passer
Passer_melanurus,Passer
Passer_montanus,Passer
Passer_pyrrhonotus,Passer
Passerculus_sandwichensis,Passerculus
Passerina_amoena,Passerina
Passerina_caerulea,Passerina
Passerina_cyanea,Passerina
Patagioenas_araucana,Patagioenas
Patagioenas_cayennensis,Patagioenas
Patagioenas_maculosa,Patagioenas
Patagioenas_picazuro,Patagioenas
Penelope_obscura,Penelope
Perdix_perdix,Perdix
Phacellodomus_ruber,Phacellodomus
Phacellodomus_rufifrons,Phacellodomus
Phaeomyias_murina,Phaeomyias
Phaethornis_pretrei,Phaethornis
Phainopepla_nitens,Phainopepla
Phasianus_colchicus,Phasianus
Pheucticus_melanocephalus,Pheucticus
Phoenicurus_auroreus,Phoenicurus
Phoenicurus_frontalis,Phoenicurus
Phoenicurus_ochruros,Phoenicurus
Phrygilus_fruticeti,Phrygilus
Phylloscartes_ventralis,Phylloscartes
Phylloscopus_borealis,Phylloscopus
Phylloscopus_collybita,Phylloscopus
Phylloscopus_fuscatus,Phylloscopus
Phylloscopus_proregulus,Phylloscopus
Phylloscopus_reguloides,Phylloscopus
Phylloscopus_trochiloides,Phylloscopus
Phytotoma_rara,Phytotoma
Piaya_cayana,Piaya
Pica_pica,Pica
Picoides_scalaris,Picoides
Piculus_chrysochloros,Piculus
Picumnus_cirratus,Picumnus
Picus_canus,Picus
Picus_viridis,Picus
Pipilo_aberti,Pipilo
Pipilo_chlorurus,Pipilo
Pipilo_fuscus,Pipilo
Pipilo_maculatus,Pipilo
Piranga_flava,Piranga
Piranga_ludoviciana,Piranga
Piranga_rubra,Piranga
Pitangus_sulphuratus,Pitangus
Ploceus_velatus,Ploceus
Polioptila_caerulea,Polioptila
Polioptila_dumicola,Polioptila
Polioptila_melanura,Polioptila
Polioptila_plumbea,Polioptila
Pooecetes_gramineus,Pooecetes
Prinia_buchanani,Prinia
Prinia_burnesii,Prinia
Prinia_flavicans,Prinia
Prinia_flaviventris,Prinia
Prinia_gracilis,Prinia
Prinia_inornata,Prinia
Progne_chalybea,Progne
Progne_tapera,Progne
Prunella_modularis,Prunella
Psaltriparus_minimus,Psaltriparus
Psarocolius_decumanus,Psarocolius
Pseudoleistes_guirahuro,Pseudoleistes
Psittacula_eupatria,Psittacula
Psittacula_krameri,Psittacula
Pycnonotus_barbatus,Pycnonotus
Pycnonotus_cafer,Pycnonotus
Pycnonotus_goiavier,Pycnonotus
Pycnonotus_jocosus,Pycnonotus
Pycnonotus_leucotis,Pycnonotus
Pycnonotus_sinensis,Pycnonotus
Pygochelidon_cyanoleuca,Pygochelidon
Pyrocephalus_rubinus,Pyrocephalus
Pyrrhula_pyrrhula,Pyrrhula
Quiscalus_mexicanus,Quiscalus
Ramphastos_toco,Ramphastos
Ramphocelus_carbo,Ramphocelus
Regulus_calendula,Regulus
Regulus_ignicapilla,Regulus
Regulus_regulus,Regulus
Rhipidura_albicollis,Rhipidura
Rhipidura_aureola,Rhipidura
Rhyacornis_fuliginosa,Rhyacornis
Salpinctes_obsoletus,Salpinctes
Saltator_coerulescens,Saltator
Satrapa_icterophrys,Satrapa
Saxicola_caprata,Saxicola
Saxicola_torquatus,Saxicola
Saxicoloides_fulicatus,Saxicoloides
Sayornis_nigricans,Sayornis
Sayornis_phoebe,Sayornis
Sayornis_saya,Sayornis
Selasphorus_rufus,Selasphorus
Sephanoides_sephaniodes,Sephanoides
Serinus_atrogularis,Serinus
Serinus_gularis,Serinus
Serinus_mozambicus,Serinus
Serinus_serinus,Serinus
Serpophaga_subcristata,Serpophaga
Sialia_mexicana,Sialia
Sialia_sialis,Sialia
Sicalis_flaveola,Sicalis
Sicalis_luteola,Sicalis
Sigelus_silens,Sigelus
Sitta_canadensis,Sitta
Sitta_carolinensis,Sitta
Sitta_europaea,Sitta
Sphyrapicus_nuchalis,Sphyrapicus
Sphyrapicus_thyroideus,Sphyrapicus
Sphyrapicus_varius,Sphyrapicus
Spizella_atrogularis,Spizella
Spizella_breweri,Spizella
Spizella_pallida,Spizella
Spizella_passerina,Spizella
Sporophila_nigricollis,Sporophila
Sporophila_torqueola,Sporophila
Stelgidopteryx_serripennis,Stelgidopteryx
Stigmatopelia_chinensis,Stigmatopelia
Stigmatopelia_senegalensis,Stigmatopelia
Streptopelia_capicola,Streptopelia
Streptopelia_decaocto,Streptopelia
Streptopelia_orientalis,Streptopelia
Streptopelia_semitorquata,Streptopelia
Strix_aluco,Strix
Sturnella_loyca,Sturnella
Sturnella_militaris,Sturnella
Sturnella_neglecta,Sturnella
Sturnus_malabaricus,Sturnus
Sturnus_vulgaris,Sturnus
Sylvia_atricapilla,Sylvia
Sylvia_curruca,Sylvia
Sylvia_melanocephala,Sylvia
Synallaxis_albescens,Synallaxis
Synallaxis_frontalis,Synallaxis
Tachornis_squamata,Tachornis
Tachycineta_albiventer,Tachycineta
Tachycineta_leucorrhoa,Tachycineta
Tachycineta_meyeni,Tachycineta
Tachyphonus_rufus,Tachyphonus
Tangara_mexicana,Tangara
Tapera_naevia,Tapera
Taraba_major,Taraba
Tephrodornis_pondicerianus,Tephrodornis
Tersina_viridis,Tersina
Thamnophilus_doliatus,Thamnophilus
Thlypopsis_sordida,Thlypopsis
Thraupis_abbas,Thraupis
Thraupis_bonariensis,Thraupis
Thraupis_episcopus,Thraupis
Thraupis_palmarum,Thraupis
Thraupis_sayaca,Thraupis
Thryomanes_bewickii,Thryomanes
Todiramphus_chloris,Todiramphus
Todirostrum_cinereum,Todirostrum
Todirostrum_maculatum,Todirostrum
Tolmomyias_flaviventris,Tolmomyias
Tolmomyias_sulphurescens,Tolmomyias
Toxostoma_bendirei,Toxostoma
Toxostoma_crissale,Toxostoma
Toxostoma_curvirostre,Toxostoma
Trachyphonus_vaillantii,Trachyphonus
Troglodytes_aedon,Troglodytes
Troglodytes_troglodytes,Troglodytes
Turdoides_caudata,Turdoides
Turdoides_earlei,Turdoides
Turdoides_jardineii,Turdoides
Turdoides_striata,Turdoides
Turdus_amaurochalinus,Turdus
Turdus_falcklandii,Turdus
Turdus_grayi,Turdus
Turdus_iliacus,Turdus
Turdus_leucomelas,Turdus
Turdus_merula,Turdus
Turdus_migratorius,Turdus
Turdus_naumanni,Turdus
Turdus_olivaceus,Turdus
Turdus_philomelos,Turdus
Turdus_pilaris,Turdus
Turdus_rufiventris,Turdus
Turdus_rufopalliatus,Turdus
Turdus_viscivorus,Turdus
Tyrannopsis_sulphurea,Tyrannopsis
Tyrannus_albogularis,Tyrannus
Tyrannus_melancholicus,Tyrannus
Tyrannus_savana,Tyrannus
Tyrannus_vociferans,Tyrannus
Tyto_alba,Tyto
Upupa_epops,Upupa
Uraeginthus_angolensis,Uraeginthus
Urocolius_indicus,Urocolius
Veniliornis_lignarius,Veniliornis
Veniliornis_passerinus,Veniliornis
Vermivora_celata,Vermivora
Vermivora_ruficapilla,Vermivora
Vireo_huttoni,Vireo
Vireo_solitarius,Vireo
Volatinia_jacarina,Volatinia
Wilsonia_pusilla,Wilsonia
Xanthocephalus_xanthocephalus,Xanthocephalus
Xolmis_cinereus,Xolmis
Xolmis_irupero,Xolmis
Xolmis_pyrope,Xolmis
Zenaida_asiatica,Zenaida
Zenaida_auriculata,Zenaida
Zenaida_macroura,Zenaida
Zonotrichia_capensis,Zonotrichia
Zonotrichia_leucophrys,Zonotrichia
Zosterops_pallidus,Zosterops
Zosterops_palpebrosus,Zosterops
Lagopus_lagopus,Lagopus
Perisoreus_infaustus,Perisoreus
Glaucidium_passerinum,Glaucidium
Tetrao_tetrix,Tetrao
Strix_uralensis,Strix
Strix_nebulosa,Strix
Surnia_ulula,Surnia
Tetrao_urogallus,Tetrao
Bonasa_bonasia,Bonasa
Picoides_tridactylus,Picoides
Loxia_pytyopsittacus,Loxia
Aegolius_funereus,Aegolius
Bubo_scandiaca,Bubo
Bubo_bubo,Bubo
Anthus_cervinus,Anthus
Bubo_ascalaphus,Bubo
Buteo_rufinus,Buteo
Emberiza_schoeniclus,Emberiza
Lanius_excubitor,Lanius
Passer_hispaniolensis,Passer
Sylvia_conspicillata,Sylvia
Turdus_torquatus,Turdus
Petronia_petronia,Petronia
Picus_vaillantii,Picus
Pterocles_senegallus,Pterocles
Melanocorypha_calandra,Melanocorypha
Parus_teneriffae,Parus
Sylvia_undata,Sylvia
Alectoris_barbara,Alectoris
Emberiza_cia,Emberiza
Galerida_theklae,Galerida
Gyps_fulvus,Gyps
Hirundo_rupestris,Hirundo
Sylvia_deserticola,Sylvia
Phoenicurus_moussieri,Phoenicurus
Coturnix_coturnix,Coturnix
Falco_naumanni,Falco
Oenanthe_leucura,Oenanthe
Pterocles_orientalis,Pterocles
Arremon_flavirostris,Arremon
Nothura_maculosa,Nothura
Chondrohierax_uncinatus,Chondrohierax
Podager_nacunda,Podager
Circus_buffoni,Circus
Claravis_pretiosa,Claravis
Columbina_minuta,Columbina
Crax_fasciolata,Crax
Crotophaga_major,Crotophaga
Crypturellus_undulatus,Crypturellus
Eleothreptus_anomalus,Eleothreptus
Nyctidromus_albicollis,Nyctidromus
Falco_deiroleucus,Falco
Falco_rufigularis,Falco
Gampsonyx_swainsonii,Gampsonyx
Geranospiza_caerulescens,Geranospiza
Buteo_albicaudatus,Buteo
Pionus_maximiliani,Pionus
Herpetotheres_cachinnans,Herpetotheres
Hydropsalis_torquata,Hydropsalis
Dryocopus_lineatus,Dryocopus
Sittasomus_griseicapillus,Sittasomus
Alectrurus_risora,Alectrurus
Cacicus_solitarius,Cacicus
Casiornis_rufus,Casiornis
Cyanocompsa_brissonii,Cyanocompsa
Empidonomus_aurantioatrocristatus,Empidonomus
Herpsilochmus_atricapillus,Herpsilochmus
Leptodon_cayanensis,Leptodon
Lurocalis_semitorquatus,Lurocalis
Poospiza_melanoleuca,Poospiza
Megaceryle_torquata,Megaceryle
Micrastur_semitorquatus,Micrastur
Nonnula_rubecula,Nonnula
Odontophorus_capueira,Odontophorus
Ortalis_canicollis,Ortalis
Rhea_americana,Rhea
Pyrrhura_frontalis,Pyrrhura
Ramphastos_dicolorus,Ramphastos
Rhynchotus_rufescens,Rhynchotus
Rostrhamus_sociabilis,Rostrhamus
Caprimulgus_parvulus,Caprimulgus
Strix_hylophila,Strix
Trogon_surrucura,Trogon
Anthus_lutescens,Anthus
Euscarthmus_meloryphus,Euscarthmus
Myiopagis_viridicata,Myiopagis
Phacellodomus_sibilatrix,Phacellodomus
Schoeniophylax_phryganophilus,Schoeniophylax
Suiriri_suiriri,Suiriri
Tityra_cayana,Tityra
Xenopsaris_albinucha,Xenopsaris
Accipiter_bicolor,Accipiter
Gnorimopsar_chopi,Gnorimopsar
Philydor_lichtensteini,Philydor
Nyctibius_griseus,Nyctibius
Polytmus_guainumbi,Polytmus
Mimus_triurus,Mimus
Sarcoramphus_papa,Sarcoramphus
Polystictus_pectoralis,Polystictus
Anthus_chacoensis,Anthus
Arundinicola_leucocephala,Arundinicola
Campylorhamphus_trochilirostris,Campylorhamphus
Certhiaxis_cinnamomeus,Certhiaxis
Donacospiza_albifrons,Donacospiza
Elaenia_parvirostris,Elaenia
Elaenia_spectabilis,Elaenia
Fluvicola_albiventer,Fluvicola
Gubernetes_yetapa,Gubernetes
Icterus_cayanensis,Icterus
Legatus_leucophaius,Legatus
Leptopogon_amaurocephalus,Leptopogon
Pachyramphus_validus,Pachyramphus
Pipraeidea_melanonota,Pipraeidea
Pseudocolopteryx_sclateri,Pseudocolopteryx
Sporophila_collaris,Sporophila
Sublegatus_modestus,Sublegatus
Syndactyla_rufosuperciliata,Syndactyla
Thamnophilus_caerulescens,Thamnophilus
Tityra_inquisitor,Tityra
Chloroceryle_americana,Chloroceryle
Trichothraupis_melanops,Trichothraupis
Xiphocolaptes_major,Xiphocolaptes
Thalurania_furcata,Thalurania
Coccyzus_melacoryphus,Coccyzus
Aegolius_harrisii,Aegolius
Crypturellus_tataupa,Crypturellus
Hylocharis_sapphirina,Hylocharis
Pseudoscops_clamator,Pseudoscops
Asio_flammeus,Asio
Asio_stygius,Asio
Busarellus_nigricollis,Busarellus
Harpyhaliaetus_coronatus,Harpyhaliaetus
Buteogallus_urubitinga,Buteogallus
Buteo_albonotatus,Buteo
Buteogallus_meridionalis,Buteogallus
Buteo_nitidus,Buteo
Campephilus_leucopogon,Campephilus
Cariama_cristata,Cariama
Cathartes_burrovianus,Cathartes
Elaenia_mesoleuca,Elaenia
Anthus_nattereri,Anthus
Culicivora_caudacuta,Culicivora
Cyanocorax_cyanomelas,Cyanocorax
Dendrocolaptes_picumnus,Dendrocolaptes
Dendrocolaptes_platyrostris,Dendrocolaptes
Conopias_trivirgatus,Conopias
Cyanocorax_chrysops,Cyanocorax
Donacobius_atricapilla,Donacobius
Hirundinea_ferruginea,Hirundinea
Pachyramphus_polychopterus,Pachyramphus
Cnemotriccus_fuscatus,Cnemotriccus
Alopochelidon_fucata,Alopochelidon
Caprimulgus_rufus,Caprimulgus
Amblyramphus_holosericeus,Amblyramphus
Ammodramus_humeralis,Ammodramus
Basileuterus_flaveolus,Basileuterus
Basileuterus_leucoblepharus,Basileuterus
Emberizoides_ypiranganus,Emberizoides
Sturnella_superciliaris,Sturnella
Agelasticus_cyanopus,Agelasticus
Cacicus_chrysopterus,Cacicus
Coryphospingus_cucullatus,Coryphospingus
Emberizoides_herbicola,Emberizoides
Euphonia_cyanocephala,Euphonia
Molothrus_oryzivorus,Molothrus
Paroaria_capitata,Paroaria
Saltator_similis,Saltator
Sporophila_leucoptera,Sporophila
Xanthopsar_flavus,Xanthopsar
Aratinga_acuticaudata,Aratinga
Oryzoborus_angolensis,Oryzoborus
Sporophila_hypoxantha,Sporophila
Campylopterus_largipennis,Campylopterus
Celeus_undatus,Celeus
Sturnella_magna,Sturnella
Vireo_olivaceus,Vireo
Chelidoptera_tenebrosa,Chelidoptera
Chloroceryle_inda,Chloroceryle
Chlorostilbon_mellisugus,Chlorostilbon
Chordeiles_acutipennis,Chordeiles
Chrysolampis_mosquitus,Chrysolampis
Strix_huhula,Strix
Strix_virgata,Strix
Coccyzus_euleri,Coccyzus
Platyrinchus_saturatus,Platyrinchus
Crypturellus_cinereus,Crypturellus
Daptrius_ater,Daptrius
Crypturellus_parvirostris,Crypturellus
Crypturellus_variegatus,Crypturellus
Deroptyus_accipitrinus,Deroptyus
Diopsittaca_nobilis,Diopsittaca
Dromococcyx_phasianellus,Dromococcyx
Elanoides_forficatus,Elanoides
Pionus_fuscus,Pionus
Florisuga_mellivora,Florisuga
Galbula_dea,Galbula
Galbula_ruficauda,Galbula
Geotrygon_montana,Geotrygon
Glaucidium_hardyi,Glaucidium
Harpia_harpyja,Harpia
Pionus_menstruus,Pionus
Harpagus_bidentatus,Harpagus
Helicolestes_hamatus,Helicolestes
Heliothryx_auritus,Heliothryx
Caprimulgus_maculicaudus,Caprimulgus
Pygiptila_stellaris,Pygiptila
Hylocharis_cyanus,Hylocharis
Pyriglena_leuconota,Pyriglena
Jacamerops_aureus,Jacamerops
Casiornis_fuscus,Casiornis
Cercomacra_laeta,Cercomacra
Certhiaxis_mustelinus,Certhiaxis
Colonia_colonus,Colonia
Conopophaga_roberti,Conopophaga
Corythopis_torquatus,Corythopis
Cotinga_cayana,Cotinga
Cyanocompsa_cyanoides,Cyanocompsa
Leptotila_rufaxilla,Leptotila
Leucopternis_kuhli,Leucopternis
Lophornis_gouldii,Lophornis
Lophostrix_cristata,Lophostrix
Odontophorus_gujanensis,Odontophorus
Myrmeciza_atrothorax,Myrmeciza
Myrmotherula_hauxwelli,Myrmotherula
Pipra_pipra,Pipra
Pipra_rubrocapilla,Pipra
Pitangus_lictor,Pitangus
Notharchus_tectus,Notharchus
Melanerpes_cruentatus,Melanerpes
Megascops_watsonii,Megascops
Neomorphus_squamiger,Neomorphus
Micrastur_mintoni,Micrastur
Micrastur_mirandollei,Micrastur
Micrastur_ruficollis,Micrastur
Momotus_momota,Momotus
Monasa_morphoeus,Monasa
Monasa_nigrifrons,Monasa
Morphnus_guianensis,Morphnus
Polytmus_theresiae,Polytmus
Nyctibius_leucopterus,Nyctibius
Caprimulgus_nigrescens,Caprimulgus
Nyctiprogne_leucopyga,Nyctiprogne
Bucco_tamatia,Bucco
Panyptila_cayennensis,Panyptila
Penelope_superciliaris,Penelope
Patagioenas_plumbea,Patagioenas
Patagioenas_speciosa,Patagioenas
Patagioenas_subvinacea,Patagioenas
Veniliornis_affinis,Veniliornis
Phaethornis_ruber,Phaethornis
Phaethornis_superciliosus,Phaethornis
Piculus_flavigula,Piculus
Picumnus_aurifrons,Picumnus
Pionites_leucogaster,Pionites
Leucopternis_albicollis,Leucopternis
Mionectes_macconnelli,Mionectes
Pteroglossus_aracari,Pteroglossus
Mionectes_oleagineus,Mionectes
Pteroglossus_bitorquatus,Pteroglossus
Pteroglossus_inscriptus,Pteroglossus
Ramphastos_tucanus,Ramphastos
Pulsatrix_perspicillata,Pulsatrix
Pyrilia_vulturina,Pyrilia
Ramphastos_vitellinus,Ramphastos
Selenidera_gouldii,Selenidera
Spizaetus_tyrannus,Spizaetus
Trogon_melanurus,Trogon
Tinamus_tao,Tinamus
Topaza_pella,Topaza
Dacnis_lineata,Dacnis
Trogon_rufus,Trogon
Trogon_violaceus,Trogon
Trogon_viridis,Trogon
Automolus_infuscatus,Automolus
Deconychura_longicauda,Deconychura
Dendrocincla_fuliginosa,Dendrocincla
Formicarius_analis,Formicarius
Formicivora_grisea,Formicivora
Hylophilus_ochraceiceps,Hylophilus
Manacus_manacus,Manacus
Myiarchus_swainsoni,Myiarchus
Myiarchus_tuberculifer,Myiarchus
Myiodynastes_maculatus,Myiodynastes
Myiobius_barbatus,Myiobius
Myrmornis_torquata,Myrmornis
Myrmotherula_multostriata,Myrmotherula
Nasica_longirostris,Nasica
Pachyramphus_rufus,Pachyramphus
Phylloscartes_virescens,Phylloscartes
Thamnophilus_nigrocinereus,Thamnophilus
Paroaria_gularis,Paroaria
Rhynchocyclus_olivaceus,Rhynchocyclus
Sclerurus_caudacutus,Sclerurus
Sclerurus_mexicanus,Sclerurus
Sclerurus_rufigularis,Sclerurus
Schiffornis_turdina,Schiffornis
Sirystes_sibilator,Sirystes
Psarocolius_bifasciatus,Psarocolius
Sporophila_bouvreuil,Sporophila
Sublegatus_obscurior,Sublegatus
Tityra_semifasciata,Tityra
Tolmomyias_assimilis,Tolmomyias
Turdus_albicollis,Turdus
Willisornis_poecilinotus,Willisornis
Xenops_minutus,Xenops
Xiphorhynchus_spixii,Xiphorhynchus
Cacicus_cela,Cacicus
Picumnus_spilogaster,Picumnus
Rhytipterna_simplex,Rhytipterna
Accipiter_poliogaster,Accipiter
Forpus_modestus,Forpus
Galbula_cyanicollis,Galbula
Nyctibius_grandis,Nyctibius
Opisthocomus_hoazin,Opisthocomus
Orthopsittaca_manilata,Orthopsittaca
Pyrrhura_lepida,Pyrrhura
Threnetes_leucurus,Threnetes
Tinamus_guttatus,Tinamus
Tinamus_major,Tinamus
Touit_purpuratus,Touit
Arremon_taciturnus,Arremon
Lepidocolaptes_albolineatus,Lepidocolaptes
Xipholena_lamellipennis,Xipholena
Myiopagis_gaimardii,Myiopagis
Myrmotherula_axillaris,Myrmotherula
Onychorhynchus_coronatus,Onychorhynchus
Philydor_pyrrhodes,Philydor
Philydor_ruficaudatum,Philydor
Poecilotriccus_fumifrons,Poecilotriccus
Thamnophilus_aethiops,Thamnophilus
Xiphorhynchus_guttatus,Xiphorhynchus
Phaeothlypis_rivularis,Phaeothlypis
Granatellus_pelzelni,Granatellus
Tangara_velia,Tangara
Dendrocincla_merula,Dendrocincla
Atticora_fasciata,Atticora
Attila_bolivianus,Attila
Attila_cinnamomeus,Attila
Berlepschia_rikeri,Berlepschia
Terenotriccus_erythrurus,Terenotriccus
Cercomacra_cinerascens,Cercomacra
Chlorophanes_spiza,Chlorophanes
Cyanerpes_caeruleus,Cyanerpes
Dendrocolaptes_certhia,Dendrocolaptes
Elaenia_cristata,Elaenia
Inezia_subflava,Inezia
Iodopleura_isabellae,Iodopleura
Euphonia_cayennensis,Euphonia
Formicarius_colma,Formicarius
Gymnoderus_foetidus,Gymnoderus
Hemithraupis_guira,Hemithraupis
Amazona_festiva,Amazona
Hypocnemoides_maculicauda,Hypocnemoides
Lamprospiza_melanoleuca,Lamprospiza
Lathrotriccus_euleri,Lathrotriccus
Amazona_farinosa,Amazona
Lepidothrix_iris,Lepidothrix
Coccycua_minuta,Coccycua
Lipaugus_vociferans,Lipaugus
Microcerculus_marginatus,Microcerculus
Myiornis_ecaudatus,Myiornis
Myiopagis_flavivertex,Myiopagis
Myrmoborus_myotherinus,Myrmoborus
Myrmotherula_longipennis,Myrmotherula
Myrmotherula_menetriesii,Myrmotherula
Oxyruncus_cristatus,Oxyruncus
Ornithion_inerme,Ornithion
Pachyramphus_marginatus,Pachyramphus
Pachyramphus_minor,Pachyramphus
Phlegopsis_nigromaculata,Phlegopsis
Phoenicircus_carnifex,Phoenicircus
Philydor_erythrocercum,Philydor
Philydor_erythropterum,Philydor
Brachygalba_lugubris,Brachygalba
Pipra_aureola,Pipra
Platyrinchus_platyrhynchos,Platyrinchus
Poecilotriccus_sylvia,Poecilotriccus
Querula_purpurata,Querula
Ramphotrigon_ruficauda,Ramphotrigon
Saltator_grossus,Saltator
Saltator_maximus,Saltator
Malacoptila_rufa,Malacoptila
Sclateria_naevia,Sclateria
Stelgidopteryx_ruficollis,Stelgidopteryx
Sporophila_americana,Sporophila
Synallaxis_gujanensis,Synallaxis
Sporophila_minuta,Sporophila
Synallaxis_rutilans,Synallaxis
Thamnomanes_caesius,Thamnomanes
Thamnophilus_amazonicus,Thamnophilus
Thamnophilus_palliatus,Thamnophilus
Todirostrum_chrysocrotaphum,Todirostrum
Tolmomyias_poliocephalus,Tolmomyias
Turdus_fumigatus,Turdus
Tyrannulus_elatus,Tyrannulus
Tyranneutes_stolzmanni,Tyranneutes
Xiphorhynchus_obsoletus,Xiphorhynchus
Xolmis_velatus,Xolmis
Coccyzus_minor,Coccyzus
Accipiter_superciliosus,Accipiter
Crypturellus_soui,Crypturellus
Crypturellus_strigulosus,Crypturellus
Amazilia_versicolor,Amazilia
Amazilia_leucogaster,Amazilia
Cathartes_melambrotus,Cathartes
Anthracothorax_viridigula,Anthracothorax
Ara_macao,Ara
Avocettula_recurvirostris,Avocettula
Bucco_capensis,Bucco
Brotogeris_chrysoptera,Brotogeris
Brotogeris_sanctithomae,Brotogeris
Leucopternis_schistaceus,Leucopternis
Buteo_brachyurus,Buteo
Campephilus_melanoleucos,Campephilus
Calliphlox_amethystina,Calliphlox
Campephilus_rubricollis,Campephilus
Caracara_cheriway,Caracara
Celeus_elegans,Celeus
Celeus_flavus,Celeus
Celeus_torquatus,Celeus
Chaetura_chapmani,Chaetura
Tachyphonus_surinamus,Tachyphonus
Attila_spadiceus,Attila
Automolus_rufipileatus,Automolus
Chiroxiphia_pareola,Chiroxiphia
Cotinga_cotinga,Cotinga
Dendrexetastes_rufigula,Dendrexetastes
Dendroplex_picus,Dendroplex
Dysithamnus_mentalis,Dysithamnus
Formicivora_rufa,Formicivora
Grallaria_varia,Grallaria
Haematoderus_militaris,Haematoderus
Herpsilochmus_rufimarginatus,Herpsilochmus
Hylopezus_macularius,Hylopezus
Lophotriccus_galeatus,Lophotriccus
Chaetura_spinicaudus,Chaetura
Nystalus_striolatus,Nystalus
Touit_huetii,Touit
Hylophilus_semicinereus,Hylophilus
Piprites_chloris,Piprites
Glyphorynchus_spirurus,Glyphorynchus
Laniocera_hypopyrra,Laniocera
Zimmerius_acer,Zimmerius
Caryothraustes_canadensis,Caryothraustes
Chrysomus_icterocephalus,Chrysomus
Eucometis_penicillata,Eucometis
Periporphyrus_erythromelas,Periporphyrus
Tachyphonus_cristatus,Tachyphonus
Tachyphonus_luctuosus,Tachyphonus
Thryothorus_leucotis,Thryothorus
Polioptila_guianensis,Polioptila
Thryothorus_genibarbis,Thryothorus
Thryothorus_coraya,Thryothorus
Conirostrum_bicolor,Conirostrum
Cyanerpes_cyaneus,Cyanerpes
Sporophila_schistacea,Sporophila
Mimus_gilvus,Mimus
Psarocolius_viridis,Psarocolius
Ramphocaenus_melanurus,Ramphocaenus
Schistochlamys_melanopis,Schistochlamys
Tangara_gyrola,Tangara
Tangara_punctata,Tangara
Turdus_nudigenis,Turdus
Coryphaspiza_melanotis,Coryphaspiza
Amazona_ochrocephala,Amazona
Ara_severus,Ara
Buteogallus_aequinoctialis,Buteogallus
Icterus_parisorum,Icterus
Piranga_hepatica,Piranga
Sialia_currucoides,Sialia
Colibri_thalassinus,Colibri
Colinus_virginianus,Colinus
Crotophaga_sulcirostris,Crotophaga
Crypturellus_cinnamomeus,Crypturellus
Cyrtonyx_montezumae,Cyrtonyx
Eugenes_fulgens,Eugenes
Lampornis_clemenciae,Lampornis
Baeolophus_wollweberi,Baeolophus
Corvus_cryptoleucus,Corvus
Picoides_villosus,Picoides
Ptilogonys_cinereus,Ptilogonys
Megascops_kennicottii,Megascops
Megascops_trichopsis,Megascops
Patagioenas_fasciata,Patagioenas
Junco_phaeonotus,Junco
Camptostoma_imberbe,Camptostoma
Empidonax_affinis,Empidonax
Empidonax_fulvifrons,Empidonax
Empidonax_hammondii,Empidonax
Empidonax_oberholseri,Empidonax
Myadestes_occidentalis,Myadestes
Myioborus_pictus,Myioborus
Tachycineta_bicolor,Tachycineta
Toxostoma_ocellatum,Toxostoma
Vireo_cassinii,Vireo
Aeronautes_saxatalis,Aeronautes
Caprimulgus_vociferus,Caprimulgus
Hylocharis_leucotis,Hylocharis
Tachycineta_thalassina,Tachycineta
Anthus_spragueii,Anthus
Basileuterus_rufifrons,Basileuterus
Dendroica_occidentalis,Dendroica
Euphonia_elegantissima,Euphonia
Melospiza_georgiana,Melospiza
Myioborus_miniatus,Myioborus
Aimophila_botterii,Aimophila
Oriturus_superciliosus,Oriturus
Passerina_versicolor,Passerina
Seiurus_aurocapilla,Seiurus
Callipepla_squamata,Callipepla
Meleagris_gallopavo,Meleagris
Dendrocopos_leucotos,Dendrocopos
Plectrophenax_nivalis,Plectrophenax
Buteo_lagopus,Buteo
Haliaeetus_albicilla,Haliaeetus
Carduelis_flavirostris,Carduelis
Picoides_pubescens,Picoides
Coccothraustes_vespertinus,Coccothraustes
Melanerpes_lewis,Melanerpes
Phalaenoptilus_nuttallii,Phalaenoptilus
Carpodacus_cassinii,Carpodacus
Calcarius_ornatus,Calcarius
Calcarius_mccownii,Calcarius
Aegolius_acadicus,Aegolius
Aquila_chrysaetos,Aquila
Passerella_iliaca,Passerella
Myadestes_townsendi,Myadestes
Regulus_satrapa,Regulus
Zonotrichia_albicollis,Zonotrichia
Euptilotis_neoxenus,Euptilotis
Glaucidium_gnoma,Glaucidium
Otus_flammeolus,Otus
Dendroica_graciae,Dendroica
Picoides_arizonae,Picoides
Zoothera_pinicola,Zoothera
Streptoprocne_rutila,Streptoprocne
Rhynchopsitta_pachyrhyncha,Rhynchopsitta
Strix_occidentalis,Strix
Aphelocoma_ultramarina,Aphelocoma
Cardellina_rubrifrons,Cardellina
Sitta_pygmaea,Sitta
Catharus_occidentalis,Catharus
Gymnogyps_californianus,Gymnogyps
Dryocopus_pileatus,Dryocopus
Carpodacus_purpureus,Carpodacus
Sphyrapicus_ruber,Sphyrapicus
Pica_nuttalli,Pica
Chamaea_fasciata,Chamaea
Zonotrichia_atricapilla,Zonotrichia
Zoothera_naevia,Zoothera
Agelaius_tricolor,Agelaius
Callipepla_californica,Callipepla
Oreortyx_pictus,Oreortyx
Calandrella_rufescens,Calandrella
Alectoris_chukar,Alectoris
Aquila_heliaca,Aquila
Circus_aeruginosus,Circus
Luscinia_svecica,Luscinia
Motacilla_citreola,Motacilla
Neophron_percnopterus,Neophron
Oenanthe_chrysopygia,Oenanthe
Pterocles_alchata,Pterocles
Tichodroma_muraria,Tichodroma
Turdus_unicolor,Turdus
Circaetus_gallicus,Circaetus
Pericrocotus_cinnamomeus,Pericrocotus
Circus_macrourus,Circus
Circus_melanoleucos,Circus
Aquila_clanga,Aquila
Aquila_hastata,Aquila
Falco_chicquera,Falco
Falco_jugger,Falco
Anthus_roseatus,Anthus
Chrysomma_sinense,Chrysomma
Hirundo_fluvicola,Hirundo
Ocyceros_birostris,Ocyceros
Chelidorhynx_hypoxantha,Chelidorhynx
Phaenicophaeus_leschenaultii,Phaenicophaeus
Pernis_ptilorhyncus,Pernis
Psittacula_cyanocephala,Psittacula
Treron_phoenicopterus,Treron
Sylvia_nana,Sylvia
Hypsipetes_leucocephalus,Hypsipetes
Lanius_isabellinus,Lanius
Phylloscopus_humei,Phylloscopus
Oenanthe_deserti,Oenanthe
Phylloscopus_subviridis,Phylloscopus
Remiz_coronatus,Remiz
Turdus_ruficollis,Turdus
Motacilla_madaraspatensis,Motacilla
Sturnus_contra,Sturnus
Mirafra_javanica,Mirafra
Ploceus_manyar,Ploceus
Riparia_paludicola,Riparia
Amandava_amandava,Amandava
Certhia_himalayana,Certhia
Eremopterix_griseus,Eremopterix
Aquila_rapax,Aquila
Myophonus_caeruleus,Myophonus
Ketupa_zeylonensis,Ketupa
Pericrocotus_ethologus,Pericrocotus
Prinia_socialis,Prinia
Ploceus_philippinus,Ploceus
Butastur_teesa,Butastur
Bubo_bengalensis,Bubo
Bubo_coromandus,Bubo
Centropus_sinensis,Centropus
Cettia_fortipes,Cettia
Saxicola_ferreus,Saxicola
Ceryle_rudis,Ceryle
Phoenicurus_erythronotus,Phoenicurus
Gypaetus_barbatus,Gypaetus
Gyps_bengalensis,Gyps
Gyps_himalayensis,Gyps
Sarcogyps_calvus,Sarcogyps
Alaemon_alaudipes,Alaemon
Eremopterix_nigriceps,Eremopterix
Lanius_vittatus,Lanius
Melanocorypha_bimaculata,Melanocorypha
Mirafra_erythroptera,Mirafra
Ammomanes_deserti,Ammomanes
Acrocephalus_melanopogon,Acrocephalus
Emberiza_stewarti,Emberiza
Ficedula_parva,Ficedula
Sturnus_pagodarum,Sturnus
Aegypius_monachus,Aegypius
Lonchura_malabarica,Lonchura
Francolinus_francolinus,Francolinus
Francolinus_pondicerianus,Francolinus
Pterocles_exustus,Pterocles
Emberiza_pallasi,Emberiza
Zosterops_japonicus,Zosterops
Circus_spilonotus,Circus
Dendrocopos_canicapillus,Dendrocopos
Emberiza_cioides,Emberiza
Sturnus_cineraceus,Sturnus
Otus_semitorques,Otus
Dendrocopos_kizuki,Dendrocopos
Corvus_macrorhynchos,Corvus
Parus_varius,Parus
Tarsiger_cyanurus,Tarsiger
Apus_nipalensis,Apus
Cyanopica_cyanus,Cyanopica
Lanius_sphenocercus,Lanius
Cinclus_pallasii,Cinclus
Corvus_dauuricus,Corvus
Prunella_montanella,Prunella
Turdus_pallidus,Turdus
Calcarius_lapponicus,Calcarius
Emberiza_leucocephalos,Emberiza
Remiz_consobrinus,Remiz
Bombycilla_japonica,Bombycilla
Uragus_sibiricus,Uragus
Carpodacus_roseus,Carpodacus
Leucosticte_arctoa,Leucosticte
Emberiza_yessoensis,Emberiza
Falco_rusticolus,Falco
Pinicola_enucleator,Pinicola
Apus_pacificus,Apus
Aquila_fasciatus,Aquila
Hirundapus_caudacutus,Hirundapus
Pycnonotus_striatus,Pycnonotus
Pycnonotus_melanicterus,Pycnonotus
Picus_flavinucha,Picus
Pericrocotus_solaris,Pericrocotus
Columba_hodgsonii,Columba
Columba_leuconota,Columba
Columba_pulchricollis,Columba
Dendrocopos_hyperythrus,Dendrocopos
Dendrocopos_macei,Dendrocopos
Falco_cherrug,Falco
Eudynamys_scolopaceus,Eudynamys
Treron_apicauda,Treron
Gallus_gallus,Gallus
Glaucidium_brodiei,Glaucidium
Harpactes_erythrocephalus,Harpactes
Hemiprocne_coronata,Hemiprocne
Actinodura_nipalensis,Actinodura
Aethopyga_saturata,Aethopyga
Aegithina_tiphia,Aegithina
Aethopyga_nipalensis,Aethopyga
Alcippe_castaneceps,Alcippe
Certhia_discolor,Certhia
Carpodacus_rubescens,Carpodacus
Carpodacus_rodopeplus,Carpodacus
Cettia_brunnescens,Cettia
Cettia_brunnifrons,Cettia
Chaimarrornis_leucocephalus,Chaimarrornis
Coracina_melaschistos,Coracina
Pyrrhocorax_pyrrhocorax,Pyrrhocorax
Cutia_nipalensis,Cutia
Delichon_nipalense,Delichon
Dicaeum_chrysorrheum,Dicaeum
Dendrocitta_formosae,Dendrocitta
Dicaeum_melanoxanthum,Dicaeum
Dicrurus_aeneus,Dicrurus
Enicurus_immaculatus,Enicurus
Enicurus_maculatus,Enicurus
Hirundo_smithii,Hirundo
Ficedula_hodgsonii,Ficedula
Ficedula_tricolor,Ficedula
Garrulax_subunicolor,Garrulax
Garrulax_monileger,Garrulax
Garrulax_variegatus,Garrulax
Haematospiza_sipahi,Haematospiza
Heterophasia_capistrata,Heterophasia
Hypsipetes_mcclellandii,Hypsipetes
Seicercus_castaniceps,Seicercus
Dendrocopos_auriceps,Dendrocopos
Lophophorus_impejanus,Lophophorus
Lophotriorchis_kienerii,Lophotriorchis
Lophura_leucomelanos,Lophura
Melophus_lathami,Melophus
Minla_cyanouroptera,Minla
Minla_strigula,Minla
Paradoxornis_nipalensis,Paradoxornis
Passer_rutilans,Passer
Phoenicurus_caeruleocephala,Phoenicurus
Pomatorhinus_erythrogenys,Pomatorhinus
Seicercus_poliogenys,Seicercus
Seicercus_whistleri,Seicercus
Serinus_thibetanus,Serinus
Tesia_castaneocoronata,Tesia
Urocissa_erythrorhyncha,Urocissa
Xiphirhynchus_superciliaris,Xiphirhynchus
Macropygia_unchall,Macropygia
Megaceryle_lugubris,Megaceryle
Celeus_brachyurus,Celeus
Nisaetus_nipalensis,Nisaetus
Pavo_cristatus,Pavo
Otus_lettia,Otus
Otus_spilocephalus,Otus
Otus_sunia,Otus
Phaenicophaeus_tristis,Phaenicophaeus
Dendrocopos_nanus,Dendrocopos
Picus_chlorolophus,Picus
Picus_squamatus,Picus
Megalaima_franklinii,Megalaima
Megalaima_virens,Megalaima
Psittacula_alexandri,Psittacula
Psittacula_himalayana,Psittacula
Strix_leptogrammica,Strix
Treron_sphenurus,Treron
Treron_bicinctus,Treron
Treron_curvirostra,Treron
Zoonavena_sylvatica,Zoonavena
Brachypteryx_montana,Brachypteryx
Bradypterus_thoracicus,Bradypterus
Carpodacus_vinaceus,Carpodacus
Chloropsis_hardwickii,Chloropsis
Dicaeum_ignipectus,Dicaeum
Dicrurus_hottentottus,Dicrurus
Hemixos_flavala,Hemixos
Hypothymis_azurea,Hypothymis
Leiothrix_argentauris,Leiothrix
Pnoepyga_immaculata,Pnoepyga
Oriolus_traillii,Oriolus
Phylloscopus_maculipennis,Phylloscopus
Pomatorhinus_ruficollis,Pomatorhinus
Pycnonotus_leucogenys,Pycnonotus
Pteruthius_flaviscapis,Pteruthius
Sitta_castanea,Sitta
Turdus_rubrocanus,Turdus
Zoothera_mollissima,Zoothera
Yuhina_nigrimenta,Yuhina
Zoothera_dixoni,Zoothera
Gracula_religiosa,Gracula
Glaucidium_cuculoides,Glaucidium
Carpodacus_nipalensis,Carpodacus
Cettia_pallidipes,Cettia
Ficedula_monileger,Ficedula
Picumnus_innominatus,Picumnus
Pyrrhula_nipalensis,Pyrrhula
Abroscopus_schisticeps,Abroscopus
Arachnothera_magna,Arachnothera
Tarsiger_hyperythrus,Tarsiger
Calandrella_acutirostris,Calandrella
Cettia_major,Cettia
Chloropsis_aurifrons,Chloropsis
Cissa_chinensis,Cissa
Cochoa_purpurea,Cochoa
Accipiter_trivirgatus,Accipiter
Accipiter_virgatus,Accipiter
Dicaeum_erythrorhynchos,Dicaeum
Enicurus_schistaceus,Enicurus
Erpornis_zantholeuca,Erpornis
Ficedula_strophiata,Ficedula
Garrulax_leucolophus,Garrulax
Garrulax_pectoralis,Garrulax
Garrulus_lanceolatus,Garrulus
Heterophasia_picaoides,Heterophasia
Lonchura_striata,Lonchura
Melanochlora_sultanea,Melanochlora
Minla_ignotincta,Minla
Monticola_rufiventris,Monticola
Mycerobas_affinis,Mycerobas
Mycerobas_carnipes,Mycerobas
Mycerobas_melanozanthos,Mycerobas
Niltava_grandis,Niltava
Niltava_macgrigoriae,Niltava
Oriolus_tenuirostris,Oriolus
Oriolus_xanthornus,Oriolus
Parus_monticolus,Parus
Ictinaetus_malayensis,Ictinaetus
Pellorneum_ruficeps,Pellorneum
Pericrocotus_brevirostris,Pericrocotus
Pericrocotus_flammeus,Pericrocotus
Pericrocotus_roseus,Pericrocotus
Phoenicurus_hodgsoni,Phoenicurus
Phylloscopus_xanthoschistos,Phylloscopus
Pnoepyga_pusilla,Pnoepyga
Stachyris_nigriceps,Stachyris
Pomatorhinus_schisticeps,Pomatorhinus
Prinia_crinigera,Prinia
Prinia_hodgsonii,Prinia
Dicrurus_remifer,Dicrurus
Prunella_strophiata,Prunella
Psarisomus_dalhousiae,Psarisomus
Hemipus_picatus,Hemipus
Pteruthius_melanotis,Pteruthius
Pteruthius_rufiventer,Pteruthius
Pyrrhoplectes_epauletta,Pyrrhoplectes
Pyrrhula_erythrocephala,Pyrrhula
Sitta_frontalis,Sitta
Sitta_himalayensis,Sitta
Tesia_cyaniventer,Tesia
Tarsiger_chrysaeus,Tarsiger
Timalia_pileata,Timalia
Turdus_albocinctus,Turdus
Turdus_boulboul,Turdus
Yuhina_flavicollis,Yuhina
Yuhina_gularis,Yuhina
Yuhina_occipitalis,Yuhina
Zoothera_marginata,Zoothera
Zoothera_monticola,Zoothera
Arborophila_rufogularis,Arborophila
Arborophila_torqueola,Arborophila
Bubo_nipalensis,Bubo
Cacomantis_sonneratii,Cacomantis
Caprimulgus_asiaticus,Caprimulgus
Caprimulgus_indicus,Caprimulgus
Centropus_bengalensis,Centropus
Coracina_javensis,Coracina
Dicaeum_agile,Dicaeum
Dicrurus_annectans,Dicrurus
Emberiza_pusilla,Emberiza
Garrulax_ocellatus,Garrulax
Cettia_flavolivacea,Cettia
Leiothrix_lutea,Leiothrix
Garrulax_erythrocephalus,Garrulax
Alcippe_chrysotis,Alcippe
Cinclidium_leucurum,Cinclidium
Collocalia_brevirostris,Collocalia
Pnoepyga_albiventer,Pnoepyga
Urocissa_flavirostris,Urocissa
Buteo_hemilasius,Buteo
Luscinia_pectoralis,Luscinia
Garrulax_lineatus,Garrulax
Alcippe_nipalensis,Alcippe
Anthus_sylvanus,Anthus
Carpodacus_rodochroa,Carpodacus
Garrulax_affinis,Garrulax
Pinicola_subhimachala,Pinicola
Stachyris_pyrrhops,Stachyris
Turdoides_nipalensis,Turdoides
Aegithalos_concinnus,Aegithalos
Phylloscopus_chloronotus,Phylloscopus
Carpodacus_edwardsii,Carpodacus
Garrulax_striatus,Garrulax
Garrulax_rufogularis,Garrulax
Garrulax_squamatus,Garrulax
Actinodura_egertoni,Actinodura
Aethopyga_ignicauda,Aethopyga
Callacanthis_burtoni,Callacanthis
Enicurus_scouleri,Enicurus
Garrulax_albogularis,Garrulax
Grandala_coelicolor,Grandala
Myzornis_pyrrhoura,Myzornis
Saxicola_insignis,Saxicola
Tickellia_hodgsoni,Tickellia
Garrulax_caerulatus,Garrulax
Parus_cinctus,Parus
Eleothreptus_candicans,Eleothreptus
Colibri_serrirostris,Colibri
Platyrinchus_mystaceus,Platyrinchus
Crypturellus_noctivagus,Crypturellus
Crypturellus_obsoletus,Crypturellus
Cypseloides_fumigatus,Cypseloides
Heliactin_bilophus,Heliactin
Ictinia_plumbea,Ictinia
Jacamaralcyon_tridactyla,Jacamaralcyon
Antilophia_galeata,Antilophia
Malacoptila_striata,Malacoptila
Basileuterus_leucophrys,Basileuterus
Phylloscartes_eximius,Phylloscartes
Cyanocorax_cyanopogon,Cyanocorax
Nyctiphrynus_ocellatus,Nyctiphrynus
Hemitriccus_diops,Hemitriccus
Hemitriccus_nidipendulus,Hemitriccus
Lophornis_magnificus,Lophornis
Thraupis_ornata,Thraupis
Notharchus_swainsoni,Notharchus
Xenops_rutilans,Xenops
Macropsalis_forcipata,Macropsalis
Melanerpes_flavifrons,Melanerpes
Caprimulgus_longirostris,Caprimulgus
Nyctibius_aethereus,Nyctibius
Nystalus_chacuru,Nystalus
Phaethornis_eurynome,Phaethornis
Phaethornis_squalidus,Phaethornis
Phacellodomus_ferrugineigula,Phacellodomus
Selenidera_maculirostris,Selenidera
Spizaetus_ornatus,Spizaetus
Stephanoxis_lalandi,Stephanoxis
Streptoprocne_zonaris,Streptoprocne
Conopophaga_lineata,Conopophaga
Contopus_cinereus,Contopus
Cistothorus_platensis,Cistothorus
Dendrocincla_turdina,Dendrocincla
Elaenia_obscura,Elaenia
Laniisoma_elegans,Laniisoma
Neopelma_pallescens,Neopelma
Phyllomyias_burmeisteri,Phyllomyias
Poecilotriccus_plumbeiceps,Poecilotriccus
Thamnophilus_ruficapillus,Thamnophilus
Sclerurus_scansor,Sclerurus
Synallaxis_scutata,Synallaxis
Syndactyla_dimidiata,Syndactyla
Charitospiza_eucosma,Charitospiza
Hemitriccus_orbitatus,Hemitriccus
Geotrygon_violacea,Geotrygon
Glaucidium_minutissimum,Glaucidium
Chlorophonia_cyanea,Chlorophonia
Buteo_leucorrhous,Buteo
Primolius_maracana,Primolius
Pulsatrix_koeniswaldiana,Pulsatrix
Veniliornis_spilogaster,Veniliornis
Myiopagis_caniceps,Myiopagis
Xiphorhynchus_fuscus,Xiphorhynchus
Tangara_cayana,Tangara
Terenura_maculata,Terenura
Anabazenops_fuscus,Anabazenops
Automolus_leucophthalmus,Automolus
Campylorhamphus_falcularius,Campylorhamphus
Chiroxiphia_caudata,Chiroxiphia
Cranioleuca_pallida,Cranioleuca
Drymophila_ferruginea,Drymophila
Drymophila_malura,Drymophila
Haplospiza_unicolor,Haplospiza
Hemithraupis_ruficapilla,Hemithraupis
Ilicura_militaris,Ilicura
Knipolegus_cyanirostris,Knipolegus
Knipolegus_lophotes,Knipolegus
Lepidocolaptes_squamatus,Lepidocolaptes
Lochmias_nematura,Lochmias
Mackenziaena_severa,Mackenziaena
Melanopareia_torquata,Melanopareia
Mionectes_rufiventris,Mionectes
Muscipipra_vetula,Muscipipra
Myiobius_atricaudus,Myiobius
Myiornis_auricularis,Myiornis
Neopelma_chrysolophum,Neopelma
Pachyramphus_castaneus,Pachyramphus
Phibalura_flavirostris,Phibalura
Philydor_rufum,Philydor
Philydor_atricapillus,Philydor
Pipra_fasciicauda,Pipra
Polystictus_superciliaris,Polystictus
Procnias_nudicollis,Procnias
Pyriglena_leucoptera,Pyriglena
Pyroderus_scutatus,Pyroderus
Schiffornis_virescens,Schiffornis
Synallaxis_ruficapilla,Synallaxis
Synallaxis_spixi,Synallaxis
Synallaxis_cinerascens,Synallaxis
Tangara_cyanoventris,Tangara
Thamnophilus_torquatus,Thamnophilus
Todirostrum_poliocephalum,Todirostrum
Xiphocolaptes_albicollis,Xiphocolaptes
Thalurania_glaucopis,Thalurania
Streptoprocne_biscutata,Streptoprocne
Caprimulgus_sericocaudatus,Caprimulgus
Aphantochroa_cirrochloris,Aphantochroa
Baryphthengus_ruficapillus,Baryphthengus
Campephilus_robustus,Campephilus
Celeus_flavescens,Celeus
Chaetura_cinereiventris,Chaetura
Alectrurus_tricolor,Alectrurus
Corythopis_delalandi,Corythopis
Euscarthmus_rufomarginatus,Euscarthmus
Geositta_poeciloptera,Geositta
Hylocryptus_rectirostris,Hylocryptus
Hypoedaleus_guttatus,Hypoedaleus
Chamaeza_campanisona,Chamaeza
Heliobletus_contaminatus,Heliobletus
Knipolegus_nigerrimus,Knipolegus
Cyanocorax_cristatellus,Cyanocorax
Hylophilus_amaurocephalus,Hylophilus
Phyllomyias_fasciatus,Phyllomyias
Capsiempis_flaveola,Capsiempis
Cypsnagra_hirundinacea,Cypsnagra
Thryothorus_longirostris,Thryothorus
Sporophila_plumbea,Sporophila
Cissopis_leverianus,Cissopis
Euphonia_pectoralis,Euphonia
Icterus_jamacaii,Icterus
Neothraupis_fasciata,Neothraupis
Saltator_atricollis,Saltator
Schistochlamys_ruficapillus,Schistochlamys
Sicalis_citrina,Sicalis
Sporophila_ardesiaca,Sporophila
Tachyphonus_coronatus,Tachyphonus
Tangara_desmaresti,Tangara
Pipile_jacutinga,Pipile
Bucanetes_githagineus,Bucanetes
Phylloscopus_neglectus,Phylloscopus
Dendrocopos_assimilis,Dendrocopos
Emberiza_striolata,Emberiza
Saxicola_leucurus,Saxicola
Saxicola_macrorhynchus,Saxicola
Ammoperdix_griseogularis,Ammoperdix
Caprimulgus_mahrattensis,Caprimulgus
Chrysomma_altirostre,Chrysomma
Calandrella_brachydactyla,Calandrella
Scotocerca_inquieta,Scotocerca
Geositta_cunicularia,Geositta
Veniliornis_mixtus,Veniliornis
Tachuris_rubrigastra,Tachuris
Poospiza_nigrorufa,Poospiza
Anthus_correndera,Anthus
Anthus_furcatus,Anthus
Asthenes_baeri,Asthenes
Cranioleuca_sulphurifera,Cranioleuca
Leptasthenura_platensis,Leptasthenura
Lessonia_rufa,Lessonia
Limnornis_curvirostris,Limnornis
Mimus_patagonicus,Mimus
Spartonoica_maluroides,Spartonoica
Neoxolmis_rufiventris,Neoxolmis
Phytotoma_rutila,Phytotoma
Pseudocolopteryx_flaviventris,Pseudocolopteryx
Upucerthia_dumetaria,Upucerthia
Xolmis_coronatus,Xolmis
Xolmis_rubetra,Xolmis
Agriornis_micropterus,Agriornis
Asthenes_hudsoni,Asthenes
Asthenes_pyrrholeuca,Asthenes
Cinclodes_fuscus,Cinclodes
Anthus_hellmayri,Anthus
Milvus_milvus,Milvus
Remiz_pendulinus,Remiz
Tetrax_tetrax,Tetrax
Lanius_meridionalis,Lanius
Alectoris_rufa,Alectoris
Cettia_canturians,Cettia
Motacilla_flava,Motacilla
Muscicapa_dauurica,Muscicapa
Zoothera_dauma,Zoothera
Cypsiurus_balasiensis,Cypsiurus
Francolinus_pintadeanus,Francolinus
Falco_severus,Falco
Halcyon_pileata,Halcyon
Alcippe_morrisonia,Alcippe
Artamus_fuscus,Artamus
Cissa_hypoleuca,Cissa
Corvus_torquatus,Corvus
Cyornis_unicolor,Cyornis
Dendronanthus_indicus,Dendronanthus
Hemixos_castanonotus,Hemixos
Luscinia_calliope,Luscinia
Luscinia_sibilans,Luscinia
Pitta_soror,Pitta
Sturnus_nigricollis,Sturnus
Microhierax_melanoleucos,Microhierax
Ninox_scutulata,Ninox
Sasia_ochracea,Sasia
Coturnix_chinensis,Coturnix
Spilornis_cheela,Spilornis
Streptopelia_tranquebarica,Streptopelia
Treron_sieboldii,Treron
Tyto_longimembris,Tyto
Aethopyga_christinae,Aethopyga
Alophoixus_pallidus,Alophoixus
Cisticola_exilis,Cisticola
Emberiza_spodocephala,Emberiza
Garrulax_cineraceus,Garrulax
Tephrodornis_gularis,Tephrodornis
Terpsiphone_paradisi,Terpsiphone
Aethopyga_gouldiae,Aethopyga
Ficedula_albicilla,Ficedula
Syrrhaptes_paradoxus,Syrrhaptes
Actinodura_ramsayi,Actinodura
Garrulax_chinensis,Garrulax
Emberiza_rutila,Emberiza
Emberiza_tristrami,Emberiza
Acridotheres_cristatellus,Acridotheres
Phylloscopus_inornatus,Phylloscopus
Delichon_dasypus,Delichon
Emberiza_fucata,Emberiza
Enicurus_leschenaulti,Enicurus
Eophona_migratoria,Eophona
Ficedula_mugimaki,Ficedula
Garrulax_perspicillatus,Garrulax
Iole_propinqua,Iole
Pycnonotus_aurigaster,Pycnonotus
Lanius_tigrinus,Lanius
Lanius_collurioides,Lanius
Monticola_gularis,Monticola
Niltava_davidi,Niltava
Cuculus_fugax,Cuculus
Ketupa_flavipes,Ketupa
Phylloscopus_subaffinis,Phylloscopus
Spizixos_semitorques,Spizixos
Turdus_obscurus,Turdus
Yuhina_torqueola,Yuhina
Butastur_indicus,Butastur
Caprimulgus_affinis,Caprimulgus
Cyornis_hainanus,Cyornis
Alcippe_brunnea,Alcippe
Carpodacus_erythrinus,Carpodacus
Ficedula_hyperythra,Ficedula
Orthotomus_cuculatus,Orthotomus
Bradypterus_mandelli,Bradypterus
Eophona_personata,Eophona
Sturnus_sericeus,Sturnus
Garrulax_canorus,Garrulax
Turdus_cardis,Turdus
Turdus_hortulorum,Turdus
Dactylortyx_thoracicus,Dactylortyx
Ergaticus_ruber,Ergaticus
Geothlypis_nelsoni,Geothlypis
Parula_superciliosa,Parula
Selasphorus_sasin,Selasphorus
Atlapetes_pileatus,Atlapetes
Seiurus_noveboracensis,Seiurus
Vireo_gilvus,Vireo
Diglossa_baritula,Diglossa
Pheucticus_ludovicianus,Pheucticus
Psarocolius_montezuma,Psarocolius
Otus_scops,Otus
Parus_lugubris,Parus
Sitta_neumayer,Sitta
Alectoris_graeca,Alectoris
Ortalis_guttata,Ortalis
Pionopsitta_pileata,Pionopsitta
Cyanoloxia_glaucocaerulea,Cyanoloxia
Picumnus_nebulosus,Picumnus
Scytalopus_pachecoi,Scytalopus
Cranioleuca_obsoleta,Cranioleuca
Cranioleuca_pyrrhophia,Cranioleuca
Limnoctites_rectirostris,Limnoctites
Phacellodomus_striaticollis,Phacellodomus
Stephanophorus_diadematus,Stephanophorus
Tangara_preciosa,Tangara
Cyanocorax_caeruleus,Cyanocorax
Serpophaga_munda,Serpophaga
Xolmis_dominicanus,Xolmis
Habia_rubica,Habia
Poospiza_cabanisi,Poospiza
Gubernatrix_cristata,Gubernatrix
Sporophila_frontalis,Sporophila
Toxostoma_lecontei,Toxostoma
Vireo_plumbeus,Vireo
Acrocephalus_scirpaceus,Acrocephalus
Anthus_similis,Anthus
Bubo_africanus,Bubo
Oena_capensis,Oena
Torgos_tracheliotos,Torgos
Circaetus_cinereus,Circaetus
Circus_ranivorus,Circus
Colius_colius,Colius
Columba_arquatrix,Columba
Coracias_caudatus,Coracias
Alcedo_cristata,Alcedo
Dendropicos_fuscescens,Dendropicos
Thripias_namaquus,Thripias
Falco_biarmicus,Falco
Falco_rupicoloides,Falco
Phoeniculus_purpureus,Phoeniculus
Geocolaptes_olivaceus,Geocolaptes
Glaucidium_perlatum,Glaucidium
Halcyon_chelicuti,Halcyon
Haliaeetus_vocifer,Haliaeetus
Indicator_indicator,Indicator
Indicator_minor,Indicator
Polemaetus_bellicosus,Polemaetus
Acrocephalus_gracilirostris,Acrocephalus
Polyboroides_typus,Polyboroides
Tockus_leucomelas,Tockus
Bradornis_mariquensis,Bradornis
Camaroptera_fasciolata,Camaroptera
Cisticola_tinniens,Cisticola
Certhilauda_semitorquata,Certhilauda
Cisticola_ayresii,Cisticola
Cisticola_lais,Cisticola
Cisticola_fulvicapilla,Cisticola
Corvus_capensis,Corvus
Creatophora_cinerea,Creatophora
Emberiza_flaviventris,Emberiza
Erythropygia_leucophrys,Erythropygia
Erythropygia_paena,Erythropygia
Euplectes_albonotatus,Euplectes
Hirundo_dimidiata,Hirundo
Parus_cinerascens,Parus
Petronia_superciliaris,Petronia
Spreo_bicolor,Spreo
Sylvia_subcaerulea,Sylvia
Telophorus_sulfureopectus,Telophorus
Turdus_libonyanus,Turdus
Uraeginthus_granatinus,Uraeginthus
Megaceryle_maxima,Megaceryle
Melierax_gabar,Melierax
Melierax_canorus,Melierax
Merops_bullockoides,Merops
Merops_pusillus,Merops
Francolinus_coqui,Francolinus
Poicephalus_meyeri,Poicephalus
Prodotiscus_regulus,Prodotiscus
Francolinus_natalensis,Francolinus
Francolinus_swainsonii,Francolinus
Pterocles_gutturalis,Pterocles
Ptilopsis_granti,Ptilopsis
Rhinopomastus_cyanomelas,Rhinopomastus
Sagittarius_serpentarius,Sagittarius
Francolinus_levaillantii,Francolinus
Tockus_erythrorhynchus,Tockus
Tricholaema_leucomelas,Tricholaema
Turtur_chalcospilos,Turtur
Tyto_capensis,Tyto
Mirafra_africana,Mirafra
Anaplectes_rubriceps,Anaplectes
Anthoscopus_caroli,Anthoscopus
Calandrella_cinerea,Calandrella
Cisticola_aberrans,Cisticola
Dicrurus_adsimilis,Dicrurus
Emberiza_tahapisi,Emberiza
Mirafra_apiata,Mirafra
Nectarinia_afra,Nectarinia
Vidua_regia,Vidua
Euplectes_progne,Euplectes
Eupodotis_senegalensis,Eupodotis
Mirafra_sabota,Mirafra
Oenanthe_monticola,Oenanthe
Euplectes_ardens,Euplectes
Anthoscopus_minutus,Anthoscopus
Batis_molitor,Batis
Cisticola_chiniana,Cisticola
Cisticola_aridulus,Cisticola
Cisticola_rufilatus,Cisticola
Eremopterix_verticalis,Eremopterix
Eurocephalus_anguitimens,Eurocephalus
Aquila_verreauxii,Aquila
Laniarius_atrococcineus,Laniarius
Macronyx_capensis,Macronyx
Monticola_brevipes,Monticola
Monticola_explorator,Monticola
Monticola_rupestris,Monticola
Nilaus_afer,Nilaus
Oenanthe_pileata,Oenanthe
Jynx_ruficollis,Jynx
Passer_motitensis,Passer
Amadina_fasciata,Amadina
Ploceus_capensis,Ploceus
Plocepasser_mahali,Plocepasser
Prinia_subflava,Prinia
Sporopipes_squamifrons,Sporopipes
Prionops_plumatus,Prionops
Pytilia_melba,Pytilia
Spizocorys_conirostris,Spizocorys
Stenostira_scita,Stenostira
Sylvietta_rufescens,Sylvietta
Pogoniulus_chrysoconus,Pogoniulus
Tchagra_australis,Tchagra
Tchagra_senegalus,Tchagra
Telophorus_zeylonus,Telophorus
Terpsiphone_viridis,Terpsiphone
Turdoides_bicolor,Turdoides
Urolestes_melanoleucus,Urolestes
Vidua_funerea,Vidua
Vidua_purpurascens,Vidua
Accipiter_melanoleucus,Accipiter
Eupodotis_afraoides,Eupodotis
Alcedo_semitorquata,Alcedo
Apaloderma_narina,Apaloderma
Apus_horus,Apus
Asio_capensis,Asio
Bubo_capensis,Bubo
Bubo_lacteus,Bubo
Buteo_rufofuscus,Buteo
Campethera_bennettii,Campethera
Campethera_abingoni,Campethera
Caprimulgus_pectoralis,Caprimulgus
Caprimulgus_rufigena,Caprimulgus
Estrilda_erythronotos,Estrilda
Lagonosticta_rubricata,Lagonosticta
Gyps_africanus,Gyps
Gyps_coprotheres,Gyps
Psophocichla_litsitsirupa,Psophocichla
Trigonoceps_occipitalis,Trigonoceps
Bradypterus_baboecala,Bradypterus
Apalis_thoracica,Apalis
Campephaga_flava,Campephaga
Chersomanes_albofasciata,Chersomanes
Cisticola_textrix,Cisticola
Corvus_albus,Corvus
Eremomela_icteropygialis,Eremomela
Eremomela_usticollis,Eremomela
Eremopterix_leucotis,Eremopterix
Mirafra_cheniana,Mirafra
Mirafra_rufocinnamomea,Mirafra
Sphenoeacus_afer,Sphenoeacus
Amblyospiza_albifrons,Amblyospiza
Anthus_leucophrys,Anthus
Anthus_caffer,Anthus
Emberiza_capensis,Emberiza
Euplectes_afer,Euplectes
Myioparus_plumbeus,Myioparus
Nectarinia_mariquensis,Nectarinia
Vidua_paradisaea,Vidua
Cinnyricinclus_leucogaster,Cinnyricinclus
Anthus_lineiventris,Anthus
Lagonosticta_senegala,Lagonosticta
Lamprotornis_australis,Lamprotornis
Melaenornis_pammelaina,Melaenornis
Motacilla_aguimp,Motacilla
Myrmecocichla_formicivora,Myrmecocichla
Nectarinia_famosa,Nectarinia
Pycnonotus_nigricans,Pycnonotus
Ortygospiza_atricollis,Ortygospiza
Cercomela_familiaris,Cercomela
Quelea_quelea,Quelea
Myrmecocichla_cinnamomeiventris,Myrmecocichla
Vidua_chalybeata,Vidua
Anthus_vaalensis,Anthus
Numida_meleagris,Numida
Ploceus_cucullatus,Ploceus
Ploceus_intermedius,Ploceus
Struthio_camelus,Struthio
Vidua_macroura,Vidua
Cuculus_saturatus,Cuculus
Riparia_riparia,Riparia
Chrysocolaptes_lucidus,Chrysocolaptes
Collocalia_esculenta,Collocalia
Collocalia_troglodytes,Collocalia
Columba_vitiensis,Columba
Cuculus_micropterus,Cuculus
Dryocopus_javensis,Dryocopus
Ducula_carola,Ducula
Ducula_aenea,Ducula
Ducula_poliocephala,Ducula
Eurystomus_orientalis,Eurystomus
Gallicolumba_luzonica,Gallicolumba
Halcyon_coromanda,Halcyon
Hemiprocne_comata,Hemiprocne
Hirundapus_celebensis,Hirundapus
Aplonis_panayensis,Aplonis
Culicicapa_helianthea,Culicicapa
Cyornis_rufigastra,Cyornis
Emberiza_sulphurata,Emberiza
Hypothymis_coelestis,Hypothymis
Parus_elegans,Parus
Zoothera_cinerea,Zoothera
Macropygia_tenuirostris,Macropygia
Megapodius_cumingii,Megapodius
Microhierax_erythrogenys,Microhierax
Merops_viridis,Merops
Merops_philippinus,Merops
Mulleripicus_funebris,Mulleripicus
Ninox_philippensis,Ninox
Nisaetus_philippensis,Nisaetus
Otus_megalotis,Otus
Penelopides_manillae,Penelopides
Perdix_dauurica,Perdix
Pernis_celebensis,Pernis
Prioniturus_luconensis,Prioniturus
Ptilinopus_leclancheri,Ptilinopus
Ptilinopus_occipitalis,Ptilinopus
Surniculus_velutinus,Surniculus
Spilornis_holospilus,Spilornis
Tanygnathus_sumatranus,Tanygnathus
Treron_pompadora,Treron
Treron_vernans,Treron
Acrocephalus_arundinaceus,Acrocephalus
Aethopyga_flagrans,Aethopyga
Pitta_erythrogaster,Pitta
Lalage_melanoleuca,Lalage
Orthotomus_castaneiceps,Orthotomus
Rhipidura_javanica,Rhipidura
Zosterops_meyeni,Zosterops
Ficedula_westermanni,Ficedula
Coracina_striata,Coracina
Pitta_sordida,Pitta
Dicaeum_australe,Dicaeum
Dicaeum_bicolor,Dicaeum
Dicaeum_hypoleucum,Dicaeum
Dicaeum_pygmaeum,Dicaeum
Dicaeum_trigonostigma,Dicaeum
Dicrurus_balicassius,Dicrurus
Irena_cyanogastra,Irena
Clamator_coromandus,Clamator
Locustella_ochotensis,Locustella
Lonchura_atricapilla,Lonchura
Lonchura_leucogastra,Lonchura
Muscicapa_ferruginea,Muscicapa
Haliaeetus_leucogaster,Haliaeetus
Cuculus_sparverioides,Cuculus
Accipiter_gularis,Accipiter
Ichthyophaga_ichthyaetus,Ichthyophaga
Pericrocotus_divaricatus,Pericrocotus
Phylloscopus_cebuensis,Phylloscopus
Phylloscopus_ijimae,Phylloscopus
Prionochilus_olivaceus,Prionochilus
Rhabdornis_mystacalis,Rhabdornis
Sarcops_calvus,Sarcops
Terpsiphone_atrocaudata,Terpsiphone
Phapitreron_amethystinus,Phapitreron
Turdus_chrysolaus,Turdus
Accipiter_soloensis,Accipiter
Collocalia_mearnsi,Collocalia
Phapitreron_leucotis,Phapitreron
Bubo_philippensis,Bubo
Batrachostomus_septimus,Batrachostomus
Bolbopsittacus_lunulatus,Bolbopsittacus
Cacomantis_merulinus,Cacomantis
Caprimulgus_manillensis,Caprimulgus
Alcedo_cyanopectus,Alcedo
Ceyx_melanurus,Ceyx
Chrysococcyx_xanthorhynchus,Chrysococcyx
Cyanoptila_cyanomelana,Cyanoptila
Locustella_lanceolata,Locustella
Acrocephalus_australis,Acrocephalus
Erythrura_viridifacies,Erythrura
Ficedula_narcissina,Ficedula
Corvus_enca,Corvus
Orthotomus_derbianus,Orthotomus
Coracina_mindanensis,Coracina
Artamus_leucorynchus,Artamus
Coracina_coerulescens,Coracina
Terpsiphone_cinnamomea,Terpsiphone
Anthus_gustavi,Anthus
Sturnus_philippensis,Sturnus
Aethopyga_pulcherrima,Aethopyga
Arachnothera_clarae,Arachnothera
Aethopyga_bella,Aethopyga
Muscicapa_randi,Muscicapa
Sitta_oenochlamys,Sitta
Zosterops_nigrorum,Zosterops
Collocalia_vanikorensis,Collocalia
Padda_oryzivora,Padda
Streptopelia_bitorquata,Streptopelia
Tanygnathus_lucionensis,Tanygnathus
Loxia_leucoptera,Loxia
Muscisaxicola_capistratus,Muscisaxicola
Circus_cinereus,Circus
Colaptes_pitius,Colaptes
Asthenes_anthoides,Asthenes
Asthenes_modesta,Asthenes
Carduelis_atrata,Carduelis
Colorhamphus_parvirostris,Colorhamphus
Geositta_rufipennis,Geositta
Phrygilus_unicolor,Phrygilus
Sylviorthorhynchus_desmursii,Sylviorthorhynchus
Metriopelia_melanoptera,Metriopelia
Oreotrochilus_leucopleurus,Oreotrochilus
Strix_rufipes,Strix
Vultur_gryphus,Vultur
Enicognathus_ferrugineus,Enicognathus
Cinclodes_patagonicus,Cinclodes
Agriornis_montanus,Agriornis
Agriornis_lividus,Agriornis
Cinclodes_oustaleti,Cinclodes
Muscisaxicola_cinereus,Muscisaxicola
Muscisaxicola_maculirostris,Muscisaxicola
Phrygilus_gayi,Phrygilus
Phrygilus_patagonicus,Phrygilus
Pteroptochos_megapodius,Pteroptochos
Bubo_magellanicus,Bubo
Buteo_albigula,Buteo
Prunella_collaris,Prunella
Sporophila_melanogaster,Sporophila
Claravis_godefrida,Claravis
Clytolaema_rubricauda,Clytolaema
Dromococcyx_pavoninus,Dromococcyx
Lophornis_chalybeus,Lophornis
Pyrrhocoma_ruficeps,Pyrrhocoma
Anabacerthia_amaurotis,Anabacerthia
Batara_cinerea,Batara
Carpornis_cucullata,Carpornis
Dysithamnus_stictothorax,Dysithamnus
Hemitriccus_obsoletus,Hemitriccus
Poospiza_thoracica,Poospiza
Hylopezus_nattereri,Hylopezus
Myrmotherula_gularis,Myrmotherula
Poospiza_lateralis,Poospiza
Megascops_atricapilla,Megascops
Picumnus_temminckii,Picumnus
Pteroglossus_bailloni,Pteroglossus
Spizaetus_melanoleucus,Spizaetus
Cichlocolaptes_leucophrus,Cichlocolaptes
Mackenziaena_leachii,Mackenziaena
Phyllomyias_griseocapilla,Phyllomyias
Psilorhamphus_guttatus,Psilorhamphus
Ramphotrigon_megacephalum,Ramphotrigon
Turdus_subalaris,Turdus
Euphonia_chalybea,Euphonia
Myrmeciza_squamosa,Myrmeciza
Leucopternis_polionotus,Leucopternis
Tinamus_solitarius,Tinamus
Attila_rufus,Attila
Chamaeza_ruficauda,Chamaeza
Conopophaga_melanops,Conopophaga
Iodopleura_pipra,Iodopleura
Leptasthenura_setaria,Leptasthenura
Lipaugus_lanioides,Lipaugus
Merulaxis_ater,Merulaxis
Onychorhynchus_swainsoni,Onychorhynchus
Phacellodomus_erythrophthalmus,Phacellodomus
Phylloscartes_difficilis,Phylloscartes
Phyllomyias_virescens,Phyllomyias
Phylloscartes_paulista,Phylloscartes
Phylloscartes_sylviolus,Phylloscartes
Platyrinchus_leucoryphus,Platyrinchus
Polioptila_lactea,Polioptila
Ramphocelus_bresilius,Ramphocelus
Saltator_maxillosus,Saltator
Tangara_cyanocephala,Tangara
Tangara_seledon,Tangara
Tangara_cyanoptera,Tangara
Chloroceryle_aenea,Chloroceryle
Ramphodon_naevius,Ramphodon
Amazona_vinacea,Amazona
Brotogeris_tirica,Brotogeris
Biatas_nigropectus,Biatas
Carpornis_melanocephala,Carpornis
Chamaeza_meruloides,Chamaeza
Eleoscytalopus_indigoticus,Eleoscytalopus
Furnarius_figulus,Furnarius
Drymophila_squamata,Drymophila
Piculus_aurulentus,Piculus
Neochelidon_tibialis,Neochelidon
Hylophilus_poicilotis,Hylophilus
Arremon_semitorquatus,Arremon
Tiaris_fuliginosus,Tiaris
Orchesticus_abeillei,Orchesticus
Orthogonys_chloricterus,Orthogonys
Saltator_fuliginosus,Saltator
Sporophila_falcirostris,Sporophila
Turdus_flavipes,Turdus
Amaurospiza_moesta,Amaurospiza
Scytalopus_speluncae,Scytalopus
Cinclus_mexicanus,Cinclus
Polioptila_nigriceps,Polioptila
Pyrrhocorax_graculus,Pyrrhocorax
Otis_tarda,Otis
Sturnus_unicolor,Sturnus
Strix_nigrolineata,Strix
Colaptes_rubiginosus,Colaptes
Crax_rubra,Crax
Dendrortyx_barbatus,Dendrortyx
Pionus_senilis,Pionus
Amblycercus_holosericeus,Amblycercus
Cyanocompsa_parellina,Cyanocompsa
Cyanolyca_nana,Cyanolyca
Picoides_fumigatus,Picoides
Oporornis_formosus,Oporornis
Vermivora_peregrina,Vermivora
Megascops_guatemalae,Megascops
Patagioenas_flavirostris,Patagioenas
Pteroglossus_torquatus,Pteroglossus
Ramphastos_sulfuratus,Ramphastos
Trogon_melanocephalus,Trogon
Trogon_collaris,Trogon
Geotrygon_albifacies,Geotrygon
Lepidocolaptes_affinis,Lepidocolaptes
Aratinga_nana,Aratinga
Nyctibius_jamaicensis,Nyctibius
Xiphorhynchus_flavigaster,Xiphorhynchus
Dendroica_petechia,Dendroica
Empidonax_albigularis,Empidonax
Empidonax_flaviventris,Empidonax
Empidonax_minimus,Empidonax
Euphonia_affinis,Euphonia
Geothlypis_poliocephala,Geothlypis
Habia_fuscicauda,Habia
Hylocichla_mustelina,Hylocichla
Icterus_gularis,Icterus
Icterus_mesomelas,Icterus
Pachyramphus_aglaiae,Pachyramphus
Seiurus_motacilla,Seiurus
Passerina_ciris,Passerina
Protonotaria_citrea,Protonotaria
Saltator_atriceps,Saltator
Setophaga_ruticilla,Setophaga
Tachycineta_albilinea,Tachycineta
Toxostoma_longirostre,Toxostoma
Chlorostilbon_canivetii,Chlorostilbon
Tyrannus_couchii,Tyrannus
Amazilia_yucatanensis,Amazilia
Caprimulgus_carolinensis,Caprimulgus
Aulacorhynchus_prasinus,Aulacorhynchus
Bolborhynchus_lineola,Bolborhynchus
Buteogallus_anthracinus,Buteogallus
Campephilus_guatemalensis,Campephilus
Campylopterus_hemileucurus,Campylopterus
Grallaria_guatimalensis,Grallaria
Cyanocorax_yncas,Cyanocorax
Vireo_griseus,Vireo
Anthracothorax_prevostii,Anthracothorax
Henicorhina_leucosticta,Henicorhina
Parula_americana,Parula
Thryothorus_maculipectus,Thryothorus
Dendroica_dominica,Dendroica
Arremonops_rufivirgatus,Arremonops
Tiaris_olivaceus,Tiaris
Icteria_virens,Icteria
Uropsila_leucogastra,Uropsila
Aratinga_holochlora,Aratinga
Anumbius_annumbi,Anumbius
Falco_femoralis,Falco
Hymenops_perspicillatus,Hymenops
Leucochloris_albicollis,Leucochloris
Molothrus_rufoaxillaris,Molothrus
Muscisaxicola_maclovianus,Muscisaxicola
Phleocryptes_melanops,Phleocryptes
Pseudoleistes_virescens,Pseudoleistes
Serpophaga_nigricans,Serpophaga
Sporophila_caerulescens,Sporophila
